{"cameraMode":{"drawMode":0,"name":"Shaded","section":"Shading Mode"},"sceneLighting":true,"audioPlay":false,"sceneViewState":{"m_AlwaysRefresh":false,"showFog":true,"showSkybox":true,"showFlares":true,"showImageEffects":true,"showParticleSystems":true,"showVisualEffectGraphs":true,"m_FxEnabled":true},"in2DMode":false,"pivot":{"x":-1.7621608972549439,"y":1.8496675491333008,"z":-3.712968587875366},"rotation":{"x":-0.35529035329818728,"y":-0.02046969160437584,"z":0.007788794115185738,"w":-0.9345147609710693},"size":3.388803243637085,"orthographic":false}