{"cameraMode":{"drawMode":0,"name":"Shaded","section":"Shading Mode"},"sceneLighting":true,"audioPlay":false,"sceneViewState":{"m_AlwaysRefresh":false,"showFog":true,"showSkybox":true,"showFlares":true,"showImageEffects":true,"showParticleSystems":true,"showVisualEffectGraphs":true,"m_FxEnabled":true},"in2DMode":false,"pivot":{"x":-0.1607707291841507,"y":-1.9349651336669922,"z":-0.8619484901428223},"rotation":{"x":-0.6180952787399292,"y":0.001649564364925027,"z":-0.0012958738952875138,"w":-0.786115288734436},"size":13.991726875305176,"orthographic":false}